id,class,prefLabel,originText,transText
E008701,Entry,몽행록의 내용1,余素率衆業講。無睱討勝。年邁五十五。頗可曰衰遲堪憐。龍集癸未秋八月。酷發覽勝之興。盖挑乎坐。失稔久欝。蟄古壑而致其然爾。本月二十七日辛亥。携門役埅鎭師。挑包行具登程。,"나는 평소에 대중들을 이끌어 강론하는 것을 업으로 삼다 보니, 명승지를 찾아다닐 겨를이 없었다. 이제 나이 55세가 되니, 자못 늙고 쇠하여 가련하다고 할 만하다. 용집龍集 계미년(1763) 8월 가을에 명승지를 유람하고픈 마음이 매우 극심하여서 자리를 나서려고 하였으나, 시기를 놓쳐 오래도록 답답하였다. 깊은 골짜기에 틀어박혀서 그랬던 것이다. 이번 달 27일 신해辛亥일에 문하의 제자들을 데리고 스승의 만류를 뒤로 한 채 행장을 꾸려 길을 나섰다."
E008702,Entry,몽행록의 내용2,纔出洞。遭門老息化訃使。吁可慘。因迃路。奔哭於萬日洞下茶毘之所。即喪出後三日。,"골짜기를 막 벗어날 때쯤 문중의 어르신이 돌아가셨다는 부음을 전하는 자를 만났으니, 아, 가슴이 아프도다. 길이 먼 탓에 서둘러 만일동 아래의 다비茶毘 의식을 치르는 곳으로 갔으나, 장례는 이미 3일 전에 치러진 뒤였다. "
E008703,Entry,몽행록의 내용3,日將西。因辭歸。留法雲庵。悼世無常。極無所棲心。盖緣哭南陽。目未乾。嗒然又復有此也。,"해가 서쪽으로 기울어지기 시작하여 길을 나서겠다고 말하고 나서 법운암法雲庵에서 머물렀다. 세상사가 무상함을 애달파하며 마음 둘 곳을 몰랐으니, 남양南陽에 곡哭을 하여 눈물이 마르지 않고, 멍한 채 있다가도 이 일을 당했기 때문이다."
E008704,Entry,몽행록의 내용4,轉發强忍。矢啚初心。戒錫出舊記友聦慧㝎。五軰慰送交衢嶺下。,그러나 심기일전하여 슬픔을 억지로 참고 초심으로 돌아가고자 길을 나섰다. 기記·우友·총聰·혜彗·정定 다섯 승려들이 고개 아래 사거리까지 나를 위로하며 배웅하였다.
E008705,Entry,몽행록의 내용5,暮投斗谷。入渭陽寓所。,저물녘에 두곡斗谷에 도착하여 위양渭陽의 임시 거처에 들어갔다.
E008706,Entry,몽행록의 내용6,晦夕行至象頭寺東殿。即斗月丈默岸。竿木戱塲言。某亦業欲一遊花巖大芚。拘緣未果。歸一戱而別。門下數僧。護至嶺底指路。,"그믐 저녁쯤에 상두사象頭寺 동전東殿에 도착하였으니, 이때 두월斗月 장로이신 묵안默岸 스님께서 잠시 몸을 맡기고 계셨다. 두월 장로께서 말씀하시기를, “나도 또한 화암사花巖寺와 대둔암大芚庵를 한번 다녀오려고 하였는데, 인연이 닿지 않아서 아직 실천하지 못하였네.”라고 말씀하셨다. 놀이를 마치고 이별하려고 하니, 그 문하의 스님 몇 분이 고개 아래까지 데려다 주고는 가는 길을 알려 주었다."
E008707,Entry,몽행록의 내용7,九月朔乙卯。入金山寺。乃少小時。侍 法室結夏處。金波法老。蓮波故友。世幻夜壑。俱已歸眞。徘徊舊庭。瞻望休庵。兄所新丈六殿獨巋然。物是人非。襟沾感涙。寺餘荒墟。舊知者。亦落落晨星。貽念薄面。有所病心。,"9월 초하루 을묘일에 금산사金山寺에 도착하였는데, 이곳은 바로 젊은 시절에 법사 스님을 모시고, 하안거를 지내던 곳이었다. 금파 법로金波法老와 연파蓮波 도반, 세환世幻·야학夜壑 스님들 모두 이미 열반하시었다. 옛 뜰을 배회하며 망휴암望休庵 쪽을 바라보니, 사형께서 새로 지은 장륙전丈六殿만이 홀로 우뚝 서 있었다. 사물은 그대로인데 사람만이 그 자리에 없어 무상함에 눈물이 옷깃을 적시었다. 금산사의 다른 곳은 황폐해졌고, 옛날에 알고 지내던 분들도 또한 모두 별이 지듯 열반하셨으니, 지난날을 돌이켜 생각함에 소홀한 부분이 있어 괜스레 마음이 아파왔다."
E008708,Entry,몽행록의 내용8,過松臺。直上甘露庵。洛波堂【會泠】。適主此。曾有雅。齒黃髮白。幾作生面。話徃事輒娓娓。人生濶別堪嗟。,"송대松臺를 지나 곧장 감로암甘露庵에 오르니, 낙파당洛波堂 회랭會冷이 마침 주지를 하고 있었다. 그와는 일찍이 친분이 있었는데, 이제 누런 이에 흰머리를 하고 있어서 처음 만나는 듯 생소한 느낌이 들 정도였다. 문득 그와 지난날에 있었던 일로 이야기꽃을 피우고 나니, 사람의 오랜 이별에 슬픔이 밀려왔다."
E008709,Entry,몽행록의 내용9,食已。日尙早。自碑殿深院。至隱閴庵。主【宇一】乃斗月之役。出迎入室。對穩更深。而就寢。渾不知東方之旣白。,"공양을 하고 나니, 해가 아직 일러서 일찌감치 비전碑殿 심원深院으로부터 출발하여 은격암隱閴庵에 도착하였는데, 그곳 주지 우일宇一 스님은 두월斗月 선사의 시자였다. 그가 나와서 나를 맞이하여 방에 들어갔다. 나를 매우 따뜻하게 대접하였고, 시간이 갈수록 더욱더 잘 대접하였다. 잠자리에 들어서는 정신없이 자는 바람에 해가 이미 동쪽에 뜬 줄도 몰랐다."
E008710,Entry,몽행록의 내용10,朝送至國師峯。引前崎嶇石路。較可十里。意厚可感。班荊坐山巓。暫叙別時。朝暾始出。晶彩爛然。東頭流西邊湖。北終南。南無等。千派江流。如線間涓。崷崪雲住回門斗升諸山。對峙培塿。歷歷如指掌。竊意南中奇觀無踰此。,"아침에 국사봉國師峯까지 나를 전송해 주었다. 들쭉날쭉한 돌길을 앞서 인도해 주었는데, 거의 10리에 달했다. 두터운 후의를 느낄 수 있었다. 산꼭대기에 돌을 깔고(班荊) 앉아서 잠시 작별 인사를 나눌 무렵 아침 해가 떠오르기 시작하여 맑고 고운 빛이 눈부시게 비치었다. 동쪽으로는 지리산(頭流), 서쪽으로는 변산(邊湖), 북쪽으로는 종남산, 남쪽으로는 무등산이 있었으며, 천 갈래로 강물이 흘러 마치 실과 같이 사이사이로 실개천이 흘렀다. 추줄산崷崪山·운주산雲住山·회문산回門山·두승산斗升山은 우뚝한 봉우리가 마주 보고 있는 모습이 역력하여 마치 손가락으로 손바닥을 가리키듯 뚜렷했으니, 내가 생각해 볼 때 아마도 남쪽 지방에서 이보다 더 훌륭한 경치는 없을 것이다."
E008711,Entry,몽행록의 내용11,初二日到完府。翫市。有一衲尋告。斗月携使追踵。植杖川上。俄而至劇懽握謝信友。,"2일, 완부完府(전북 완주)에 도착하여 시장을 구경하였다. 한 스님이 와서 말하길, 두월 장로가 따라온다고 했다. 잠시 냇가에서 가던 길을 멈춰 서있으려니, 이윽고 도착하였다. 매우 기뻐 손을 잡고 미더운 친구에게 감사했다."
E008712,Entry,몽행록의 내용12,因同翫雉堞及 慶基殿。,그와 함께 성가퀴(雉堞)와 경기전慶基殿을 구경하였다.
E008713,Entry,몽행록의 내용13,暮留西門外金公家。頗懃欵。可見大邑風。,"날이 저물어 서문西門에 있는 김 공金公의 집에서 머물렀는데, 손님을 대하는 태도가 매우 정중하고 정성스러웠으니, 대읍大邑의 풍모를 엿볼 수 있었다."
E008714,Entry,몽행록의 내용14,初三日。早行至陽正浦。始飯日已午。雨意滿天。雲霧擁樹。促步前數里。雨如注。,"3일, 일찍 길을 나서서 양정포陽正浦에 도착해서야 비로소 공양을 들었는데, 해가 이미 정오에 있었다. 비가 올 기세가 하늘 가득 역력하여 구름과 안개가 나무를 에워싸고 있었다. 발길을 재촉하여 몇 리를 걸어갔을 때쯤 비가 쏟아붓듯 내렸다."
E008715,Entry,몽행록의 내용15,至王浦驛狗坐里。入金姓人家寄宿。,왕포역王浦驛 구좌리狗坐里에 도착하여 김씨 성을 가진 인가에 들어가 하룻밤을 묵었다.
E008716,Entry,몽행록의 내용16,明日日氣。或晴或雨。霽行潦止。間關入邃谷。得倚一柱門暫歇。羣峯擁翠。一溪繞碧。寒巖秀異。喬木扶踈。起行數百步。有高峯。支分回拱。壁折湍注瀑。可幾百丈。環回作潭。色蒼黑。沿溪履石。碧崖凌空。如列障。鞠躬步上迴視。風斯下矣。,"다음날 날씨가 맑았다가 비가 내렸다 하였기에 비가 그쳐 개면 길을 나서고, 비가 내리면 길을 멈추었다. 힘겹게 깊은 계곡으로 들어서서 일주문一柱門에 의지하여 잠시 쉴 수 있었다. 주위를 둘러싼 여러 산봉우리는 비취색을 띠었고, 감돌아 흐르는 한 줄기 냇가는 푸른색이었으며, 찬 바위는 수려하고 기이하였고, 높이 쭉쭉 뻗은 나무들은 잎과 가지가 무성하였다. 자리에서 일어나 몇 백 걸음을 가니 높은 봉우리가 있었는데, 여러 갈래의 능선들이 이를 중심으로 모여 있었다. 깎아지른 절벽으로는 물이 빠르게 쏟아져 떨어졌는데, 그 길이가 수백 길(丈)이나 되었다. 떨어진 물은 소용돌이치며 못(潭)을 이루었는데, 그 색이 검푸른 빛깔이었다. 밑으로 흐르는 계곡물은 돌 사이로 졸졸 흐르고, 깎아 세운 듯한 벼랑은 하늘 높이 솟아 있어서 마치 성벽을 쌓아 놓은 것 같았다. 몸을 굽혀 위로 올라가서 돌아보니, 바람이 아래로 지나간다."
E008717,Entry,몽행록의 내용17,登絕頂。古樹簇擁。晴雲濃淡。橫繞殷葉如活畫。磬梵隱隱於曇雲雨花之天。恍然別一靈區。眞化翁開藏光匿輝之神樞冥鍵於重巒複壑。發地靈之慳秘。覷天機之缺罅。剏龍宮以鎭南服者。迺花巖也。昔元曉義相尹弼三祖師。結搆壇塲。運智摛辭。馳神作用地。山有三菴。因其名揭額。移西天黃𦱒。種巖穴。各致龍藏洞淵拱衛。使洒水花之叢上。下巖。猶留龍爪痕。,"산꼭대기에 오르니, 고목들이 빽빽하게 둘러싸고 있었으며, 구름이 끼었다 개었다, 짙었다 옅었다를 반복하며 무성한 나뭇잎들을 둘러싸고 있으니, 마치 한 폭의 살아 있는 그림과 같다. 범종과 풍경 소리가 짙은 구름에서 꽃비를 내리는 하늘에 은은하게 울리니, 황홀하여 신비한 다른 세계로 느껴졌다. 진화 옹眞化翁께서 첩첩산중의 깊은 산골짜기에 광채를 감추고 숨긴 신추神樞와 명건冥鍵을 여시어 지령地靈의 꽁꽁 숨겨진 비밀을 펼치고, 천기天機의 빈틈을 엿보아서 용궁龍宮을 지어 남방을 진압하여 복종시켰으니, 그것이 바로 화암사花巖寺이다. 옛날에 원효元曉·의상義相·윤필尹弼 등 세 조사祖師께서 도량을 짓고서 지혜를 나누고 설법을 베풀어 신묘함을 펼치신 곳이다. 이 산에는 세 암자가 있는데, 각각 세 조사의 이름을 따서 편액으로 걸어놓았다. 서천西天의 황목단黃䒟을 옮겨 와 암혈巖穴에 심었는데, 각기 퍼져 용이 숨어 있다고 하는 골짜기의 작은 연못 주위를 둘러싸고 있었다. 그 연못의 물을 받아 자라서 바위의 위아래로 퍼져 있었는데, 그 모양이 마치 용의 발톱 자국이 남아 있는 것과 같았다."
E008718,Entry,몽행록의 내용18,入樓整衣。肅觀音像。像異於他。聞之居老。日三祖師。伐栴檀香。居證壇。共董事。不日成三世如來與觀音像。而三如來安大芚庵。觀音位此。餘香數端。深藏卓樻。至今傳寶。翫所伐香根。址又築室封。經亂寺壞。叢薄葛藪。金像露坐。閱幾春秋。風雨如新。古方伯成公達生。適出獵。放白鶻。飛坐朽梁上。劇呼不應。因倒梁。得樑間名字。蒼而古。遂感而重建。事載寺典。可査勘。,"누각에 들어서서 의복을 정돈하고서 관음상觀音像에 엄숙히 예를 올렸는데, 관음상의 모양이 다른 것과 달리 특이하였다. 그곳에 계시는 노스님께서 “세 조사께서 전단향栴檀香나무를 베어서 증단證壇에 두고, 함께 불상을 조성하는 일을 맡아서 진행하니, 하루도 되지 않아서 삼세 여래상과 관음상이 완성되었다. 삼세 여래상은 대둔암大芚庵에 안치하였고, 관음상은 이곳에 두었다. 남은 향나무 몇 가지는 높은 궤짝에 잘 간직하여서 지금까지 보물로 전해진다.”라고 말씀해 주셨다. 그 말씀을 듣고 전단향나무를 베고 남은 그루터기를 구경하였다. 또한 사찰에 건물을 짓고 경계를 쌓았다. 난리를 겪어 사찰은 무너져 있었고, 나무와 풀이 우거지고 넝쿨이 엉켜 있었다. 금불상은 노출된 지 몇 년 되었는데 비바람 맞아 새것 같았다. 옛날에 관찰사(方伯)로 있었던 성달생成達生이란 분이 마침 이곳에 수렵을 나와서 사냥용 흰 송골매를 풀어놓았다. 날아가더니 썩은 들보 위에 앉아서는 아무리 불러도 꿈쩍도 하지 않았다. 그래서 들보를 쓰러트렸는데, 들보의 틈 사이에서 사찰 이름을 얻었는데, 글자가 예스러웠다. 이에 감동하여 화암사를 중건하였다. 이 일은 사전寺典에 실려 있으니, 살펴보면 그 자세한 내용을 알 수 있다."
E008719,Entry,몽행록의 내용19,香閣主道熙。闍梨大淳。曾於斗月。摳衣擎鉢者。欣出迎甚欵。,"향각의 주지(香閣主)인 도희道熙와 아사리(闍梨) 대순大淳은, 일찍이 두월 장로를 스승으로 모셨던 스님이다. 기뻐하며 나를 맞이하고, 매우 정성스럽게 대접하였다."
E008720,Entry,몽행록의 내용20,午茶後。翫義相庵。到尹弼庵。春坡【尙運】出別堂。門人【廣訓】繼席。而䫉甚恭。言有倫可器。自言數年前。見儂於法雲庵。卽辦餅糆茶菓。慰遠行。懃挽留宿。嫌煩强撥。,"오차午茶 후에 의상암義相庵을 구경하고 나서 윤필암尹弼庵으로 갔다. 그곳의 춘파 상운春坡尙運 스님께서는 별당別堂에 가셨기 때문에 그 문인인 광훈廣訓과 자리를 함께했다. 거동과 말씨가 매우 공손하고 예의가 발라서 훌륭한 인물이 될 만하였다. 그가 몇 년 전에 법운암法雲庵에서 나를 보았다고 하였다. 곧 떡(餠糆)과 다과를 내와 먼 여행길을 위로하였다. 하룻밤 묵어가길 간절히 바라며 떠나는 것을 만류하였으나, 번거롭게 하는 것이 싫어 만류를 뿌리치고 길을 나섰다."
E008721,Entry,몽행록의 내용21,暮還香閣。,날이 저물어 향각으로 돌아왔다.
E008722,Entry,몽행록의 내용22,春坡供朝。又偕新室。來送後嶺。,"다음날 춘파 스님과 아침 공양을 하고 신실新室에서 함께 있다가, 스님이 고개의 뒤편까지 나를 배웅해 주었다."
E008723,Entry,몽행록의 내용23,午入安心寺。大淳備午食。入新建舍利閣小憇。,오시에 안심사安心寺에 들어가서 대순大淳이 싸 준 오식午食을 먹고서 새로 지은 사리각舍利閣에서 잠시 쉬었다.
E008724,Entry,몽행록의 내용24,登積雪樓。間架宏廣。䂓模軒敞。多懸先賢詩板。左鍾右皷。各建翼廊。直其地而精麗。時奏梵聲。湖內諸刹。未曾有此樣樓。,"적설루積雪樓에 올라가는데, 간살의 간격(間架)이 매우 넓었으며, 그 규모가 굉장히 크고 높았다. 선현先賢들이 적어 놓은 시판詩板들이 많이 걸려 있었으며, 왼편에는 범종이, 오른편에는 법고가 있었다. 그리고 누각의 양쪽에는 익랑翼廊을 지어 놓았다. 그 지세地勢가 바르면서도 정려精麗하였으며, 때때로 범종 소리가 울렸으니, 호남의 여러 사찰 중에는 이러한 형태의 누각은 일찍이 없었던 것이었다."
E008725,Entry,몽행록의 내용25,居還香閣。奉翫 列聖御筆。銀鉤鐵索。眩曜溢目。恨吾行太晩。尙遲一壯矚。有僧宗演。年小頗聦明。佳眉目。稍文筆才。而惜跧一隅。或未展耳。,"향각으로 돌아와 머물러 있다가 대대로 임금께서 직접 쓰신 글씨를 받들어 감상하였는데, 그 필적이 마치 은고리와 같이 아름다우면서도 쇠사슬과 같이 강건하여서 아찔할 정도로 눈부시게 빛나 눈에 차고 넘쳤다. 나의 행보가 너무 더딘 것을 한스러워했는데, 오히려 천천히 하여 훌륭한 눈요기를 하였다. 종연宗演이라고 하는 승려가 있었는데, 나이는 어렸지만 매우 총명하였고, 용모가 수려하였으며, 문필文筆에도 약간의 재주가 있었다. 그런데 이렇게 외진 곳에 머물러 그 재능을 펼치지 못하고 마는 것이 아닐까 안타까웠다."
E008726,Entry,몽행록의 내용26,自所謂寒山殿者。上于曰白雲庵。𨰢欹巖。鑄鐵植柱。建巍樓。炫轉熒煌。閴寥淸灑。無一点塵想。出淳之齎午齋。大是趣事。,"이른바 한산전寒山殿이라고 하는 곳에서 백운암白雲庵으로 올라갔다. 기울어진 바위를 뚫고 그곳에 무쇠로 된 기둥을 세우고 높은 누각을 지었는데, 아찔하여 어지러울 정도였다. 그곳은 한가하면서도 맑고 고요하여 한 점의 번뇌도 일어나지 않았다. 떠나올 때 대순이 점심 공양을 싸 준 것은 참으로 고마운 일이었다."
E008727,Entry,몽행록의 내용27,復上山坂。壘巚盤曲。循石磴。入得母庵。仰視如天上在。古有孫順穆爲名人。於宣德十年。紅巾賊劉福通。陷松京。搶攘中失母。就是庵。三度懇禱十六聖。第三設供之晨。假寐。有衆聖羅坐。顧謂穆曰。汝忘而母所在耶。穆驚覺起視。母果坐于臺上。自後易舊號碧雲臺。因名得母菴。穆沃溝人。板記云。,"다시 산비탈을 올라갔는데, 길이 매우 가파르고 구불구불하고 험하여서 돌길을 따라 득모암得母庵에 이르렀다. 위를 올려보니 마치 천상에 있는 듯하였다. 옛날에 손순목孫順穆이라고 하는 사람이 있었는데, 선덕宣德 10년 홍건적紅巾賊 유복통劉福通이 송경松京(開城)을 함락하여 몹시 혼란스런 상황에서 어머님을 잃었다. 그는 이 암자에 와서 세 번에 걸쳐 16아라한(十六聖)께 간절히 기도하였는데, 세 번째 공양을 베풀던 새벽에 잠깐 잠이 들었다. 꿈속에 여러 아라한들이 앉아 있었는데, 돌아보며 손순목에게 말하기를, “너는 어머니가 계신 곳을 잊었느냐?”라고 하였다. 손순목이 놀라서 잠에서 깨어 일어나 보니, 어머니께서 과연 누대에 앉아 계셨다. 이 이후로 벽운대碧雲臺라는 옛 이름을 고쳐 득모암得母菴이라 이름하였다. 손순목은 옥구沃溝157) 사람이다. 판기板記에 기록되어 있다."
E008728,Entry,몽행록의 내용28,行數千步。巖谷幽邃。林樾茂密。上絕巚。西登萬景臺。上下峭拔攅蹙。若植戟。若側弁。若列戈矛。若芙蓉菡萏之初開。雲烟晴雨晨夕可萬狀。奔崖墮石。森羅碁布。勢欲飛。又迤𨓦下轉。約里半許。壁立千仞。風颼颼。起巖谷林木間。緣巖間一線路。卸衣冠置外。入石罅。,"수천 걸음을 가니, 바위 계곡이 매우 그윽하고 깊었으며, 수풀은 빽빽이 우거져 있었다. 가파른 절벽을 올라 서쪽의 만경대萬景臺에 올라갔다. 가파르게 위아래로 뾰족하게 솟아 있어서 마치 창을 꽂아 놓은 듯 마치 고깔의 옆모습과도 같았으며, 창을 쭉 세워 놓은 듯하였고, 연꽃이 처음 꽃봉오리를 터트린 모양과도 같았다. 구름이 끼었다가도 안개가 깔리고 개었다가도 비가 내려 아침저녁으로 천변만화의 모습을 보였다. 경사가 급격한 기슭에서 돌이 무수히 떨어져 빼곡하게 늘어섰는데, 돌이 마치 날아갈 기세이거나 경사를 타고 삐뚤빼뚤 굴러 내려가기도 하였다. 그 거리가 거의 1리 반에 이르렀고, 담벼락처럼 가파른 절벽은 천 길이나 되었다. 바위 계곡과 수목 사이로 바람이 휙휙 소리를 내며 불었다. 바위 사이로 한 줄기 길이 나 있어서 의관衣冠을 밖에 벗어 두고서 바위틈으로 들어갔다."
E008729,Entry,몽행록의 내용29,得行道庵盤桓。不覺放唫庵虛佛不愁之句。淸絕灑落。巖楓醉亞。澗松鳴瑟。可供耳目。應入他日夢。,"행도암行道庵에 도착하여서 여기저기 돌아보며 나도 모르게 암자의 ‘암자는 비어도 부처는 걱정하지 않는다(庵虛佛不愁)’라는 구절을 읊었다. 더없이 청정하여 맑고 깨끗하였으며, 바위와 단풍나무는 취한 듯하고 골짜기 시냇물과 소나무에서 거문고 소리가 울려 눈과 귀를 호강시키니 다른 날 꿈속에 보이리라."
E008730,Entry,몽행록의 내용30,踰馬亭嶺。入中峯庵。烟嵐濛霧。翠色如滴。有數僧守庵。見客怡顏。無或洞天奧邃。人跡罕至歟。不然。僧風淳耳。,"이윽고 마정고개(馬亭嶺)를 넘어 중봉암中峯庵에 도착하였다. 안개가 모락모락 피어올랐으며, 비취색이 뚝뚝 떨어지는 듯하였다. 몇 분의 스님들이 암자에 머물러 계셨는데, 나를 보고 기쁜 낯으로 맞이하여 주었다. 하늘과 맞닿은 깊은 산속이라, 사람의 발길이 뜸하여 그런 것이리라. 그렇지 않으면 이곳 스님들의 기풍이 순수한 것이리라."
E008731,Entry,몽행록의 내용31,初五(六)日黎明。自後嶺。直取道。至許洞庵。洞壑虛窈。翠巖削苽。飛泉噴雪。別一勝區。折而東可一二里。有曰摩天臺。山之第一高勝處。常有雲氣紛郁。雷雨在下。飛鳥視其背。仰而天不尺。俯而地萬仞如也。鷄龍名區。內浦江境灌蜀之遠。一騁眸可窮。,"6일, 날이 막 밝아올 무렵 뒷고개(後嶺)로부터 곧바로 길을 나서서 허통암許洞庵에 도착하였다. 깊은 골짜기의 푸른 바위는 깎아지른 듯 가팔랐고, 그곳의 폭포는 물보라를 일으키며 떨어졌다. 풍광이 매우 뛰어나 별세계에 온 듯하였다. 동쪽으로 1, 2리쯤 떨어진 곳에는 마천대摩天臺라고 하는 곳이 있는데, 그곳은 이 산의 최고봉이다. 항상 운기雲氣가 가득하고 천둥 번개와 비바람이 그 아래에서 일어났다. 날아가는 새의 등이 보일 정도로 높아서 올려다보면 하늘이 바로 앞에 닿을 듯하고, 내려다보면 땅이 만 길이나 떨어져 있는 듯하였다. 계룡산의 이름난 명소와, 내포內浦·강경江境·관촉灌蜀에 이르는 먼 거리의 풍경까지 한눈에 다 들어왔다."
E008732,Entry,몽행록의 내용32,行幾里。巨巖角立。鵠峙揷虛。宛若門闕。微路分歧。環笻迷向。蹰躇移時。草沒荒皐。得一朽牌。字畫漫漶。僅可知石門入三字。自此正慮。從石門捫蘿而東。霜楓明壁。回藤暗逕。有奇巖恠石紛錯。欹者。倚者。銳而出者。却而後者。巓而欲仆者。拔而欲起者。橫理者。端莊而拱者。偃者。夷者。將斷而復續者。與藤蘿。皆蒼綠一色。盖洞之妙。至此行到邃深。洞益空豁。一聲淸磬。泠落雲端。老檜可蔽牛者。七狀如七星然。盖數百年物也。輪奐畫閣。露出林壑。應非烟火世界。,"몇 리를 걸으니, 엄청나게 큰 바위들이 삐쭉 솟아 서 있었다. 거대한 봉우리가 허공에 꼽혀 있는 듯하였는데, 마치 궁궐문과 같았다. 작은 길이 나뉘고 갈라져 어디로 갈지 몰라 우물쭈물하다가 움직이려고 할 때 풀이 무성한 황량한 고개에서 쓰러져 가는 간판 하나를 찾았다. 그런데 자획이 희미하여서 ‘석문입石門入’이라는 세 글자를 간신히 알아볼 수 있었다. 이로부터 생각을 가다듬고, 석문石門으로부터 덩굴을 헤치며 동쪽으로 갔다. 시든 단풍과 흰 바위벽을 지나 등나무로 어두운 길을 돌아 나오니, 기암괴벽이 이곳저곳에 어지럽게 흩어져 있는 것이 보였다. 한쪽으로 치우친 것, 기운 것, 뾰족하게 나와 있는 것, 거꾸로 밑부분이 뾰족한 것, 쓰러질 듯한 것, 삐쭉 솟아오를 듯한 것, 가로로 가지런한 것, 바르고 가지런하여 둥근 것, 쓰러져 있는 것, 평평한 것, 끊어지려다 이어져 있는 것이 덩굴과 함께 모두 청록 일색이었다. 골짜기의 오묘한 풍경이 이곳에 이르러 가면 갈수록 더욱 깊어졌고, 계곡의 깊이와 넓이가 더욱 넓어졌다. 그곳에 맑은 풍경 소리가 구름 끝까지 희미하게 울려 퍼졌다. 늙은 노송나무는 어찌나 큰지 소를 다 가릴 만하였고, 일곱 형상은 칠성七星과 같았으니, 수백 년은 된 나무 같았다. 크고 넓으며 채색을 칠한 화려한 누각이 나무가 우거진 깊은 계곡에 있었는데, 이는 바깥 세계의 평범한 것이 아니었다."
E008733,Entry,몽행록의 내용33,信步漸入佳境。扁之曰大芚菴。向所謂花巖寺造來栴檀佛也。雖隆冬饕雪。像之頂九行瓦。不留雪。又數年前大水。山谷易處。沙石漂流。至後門前。分左右積成丘山。石大如籠者不一。殿因舊無恙。咸曰佛之靈。如余之頑懶。聳起慕悅。同居僧坐禪徹夜。可忘行邁勞。主老城月天日。篤行恬靜。今九十五歲。樂西司運。高德法徒云。略叙梗槩。其言曰。有古德慈忍。爲此三像改衣金。鳩財累千。山神空請云。如得曉相弼三聖證可。不得則否。心惕息即完施財費。其遺建前樓影堂別室。迺已聽之纚纚。令人忘倦。,"발길 닿는 대로 걸어가는데, 걸어 들어가면 갈수록 아름다운 풍경이 나왔다. 편액에 ‘대둔암大芚菴’이라고 쓰여 있었으니, 지난번에 화암사에서 전단나무로 만든 불상을 옮겨 놓았다고 한 곳이 바로 이곳이다. 비록 한겨울의 추위에 엄청난 눈이 내렸지만, 불상 정수리의 아홉 줄 기와에는 눈이 전혀 남아 있질 않았다. 또한 몇 년 전에 큰 물난리로 산과 계곡의 지형이 바뀌고, 모래와 돌들이 급류에 휩쓸려 후문까지 내려와 후문 앞부분의 좌우에 산더미처럼 쌓였는데, 그 돌의 크기가 삼태기만 한 것이 한둘이 아니었다. 그런데도 절 건물은 그대로 보존되어 피해를 전혀 입지 않았으니, 다들 “부처님의 영험이다.”라고 하였다. 나와 같이 둔하고 게으른 이도 기뻐하고 좋아하는 마음이 솟아나서 함께 거처하는 스님들과 밤새워 좌선을 하였는데, 먼 여정의 노고를 잊을 정도였다. 주지는 성월 천일城月天日 노스님이셨는데, 수행이 독실하고, 마음이 온화하면서도 평안하였다. 지금 연세가 95세였으니, 이는 낙서 사운樂西司運 고덕高德의 법도라고 한다. 대략적인 내용을 말씀해 주셨는데, 그 내용은 다음과 같다. 옛날에 덕행이 높으신 자인慈忍 대사라는 분이 계셨는데, 이 세 불상의 금칠을 다시 하기 위해 수천 냥의 재물을 모았다. 산신山神이 허투루 청하여 말하기를, “원효·의상·윤필 세 성인의 증험을 얻으면 괜찮겠지만, 얻지 못한다면 안 될 것이다.”라고 하였다. 이에 마음이 불안하고 너무 두려워 한숨을 쉬었는데, 곧 불상 수리에 필요한 재물이 모두 모금되었고, 그 나머지로 전루前樓·영당影堂·별실別室을 세웠다. 이와 같은 이야기를 쉴 새 없이 계속 들었는데도, 피곤한 줄을 몰랐다."
E008734,Entry,몽행록의 내용34,初七日辛酉斗月告還本居。携出菴。樓頭分路。客裡別懷可知。余本遊興未殘沮。玆在學南。哭 雪峯和上。歸路偶被堅挽於道岬院衆。終奪遍質不起之志。與數十餘學結夏。考課於寺之東林。適 東岡金先生。來守是郡。偶一見甚愛之。先生第二令胤。松陰公。能家其業。賢而有文章。與爲世交。時以徃來。間以赫蹄不面。今垂二十餘載。自 先生下世。公小適俗調。棄家而携書。入西岱隱黔中。詩書爲娛。不求世知。,"7일 신유辛酉일, 두월이 본 거처로 돌아간다고 하기에 이끌려 대둔암을 나서게 되었다. 누각 앞의 갈림길에 서니 이별을 앞둔 나그네의 아쉬운 마음을 알 만하였다. 내가 본래 유행하기로 마음먹었던 곳을 다 다니지 못하였다. 이곳은 이전에 왔었던 곳이니, 남쪽에서 공부를 할 때 설봉雪峯 화상의 다비를 마치고, 돌아가는 길에 우연히 도갑원道岬院의 대중들의 강한 만류로 인해 끝내 길을 나서지 못하게 되었었다. 그리하여 그곳의 수십여 학승들과 함께 하안거에 들어 사찰의 동림東林에서 머물며 수행을 하였다.마침 동강東岡 김 선생께서 이곳에 군수로 부임하였기에 우연한 기회에 한 번 뵙고서 그분을 매우 흠모하게 되었다. 선생의 둘째 아들인 송음 공松陰公(金福鉉)은 가업을 잘 이었으며, 어질고 문장에도 뛰어났다. 부군으로부터 대대로 교유를 가져 때때로 왕래하였는데 그 사이 편지도 보지 못한 지 이제 20여 년이 흘렀다. 동강 선생께서 돌아가신 후 송음 공은 평범한 생활에 거의 관심을 가지지 않고, 집을 떠나 책을 짊어지고 대은암岱隱庵의 깊고 고요한 계곡에 들어가 시서詩書를 즐거움으로 삼고, 세상에 이름을 알리는 것에는 관심을 두지 않았다."
E008735,Entry,몽행록의 내용35,大芚去岱隱。一莾蒼地。因訪欵扉。轉向俗離。華陽是耿耿者。懷及至園竹猗猗。巷柳裊裊。數間茅屋。不蔽風雨。活計蕭條。秫粟不繼。只充梁卷籍。滿壁圖書。開窓則前流波光。遙岑積翠。萃于几席而已。令守一傔命駕。出外居久。有事掣肘。迴路無日。孤鶴遠飛。豈下十載雪棹。自知逢別有數。人事好乘。悄然獨坐。强歸忘默。賢從孫【孟明】氏。適自報恩科邑來爲客屬耳。相與講舊誼。展盡底蘊稍豁。,"대둔암으로부터 대은암岱隱庵으로 갔는데, 온통 수풀이 푸른빛을 띠는 곳에 인가가 있어 그곳에 방문하였다. 그곳에서 속리산俗離山 쪽으로 향하여 보니, 화양華陽 계곡이 눈앞에 보이는 듯하였다. 그런 마음으로 정원에 이르니, 쭉쭉 뻗은 대나무가 무성하였고, 길가의 버드나무는 바람에 산들산들 흔들렸다. 몇 칸 안 되는 작은 초가집(茅屋)은 비와 바람을 가리지 못하였으며, 그 사는 곳은 쓸쓸할 정도로 고요하였고, 조(粟)와 수수(秫)로 때우는 끼니도 일정하지 않은 듯하였다. 다만 경서와 전적이 들보에까지 쌓여 있었고, 도서圖書가 벽면에 가득하였다. 창을 열어젖히니, 앞에 흐르는 계곡물에 햇빛이 반사되어 쏟아지고, 멀리 보이는 산봉우리는 푸른빛을 쏟아내어 궤석几席에 이르렀다. 하인에게 지키게 하고 가마를 준비시켜 출타하여 밖에 머문 지 오래되었는데, 일로 인해 발이 묶여 돌아올 날을 기약할 수 없었다. 외로운 학이 멀리 날아감에 어찌 10년 만의 폭설이 내린단 말인가. 만나고 헤어지는 것에는 정해진 운수가 있고, 사람 일이 잘 어그러짐을 절로 알겠네. 쓸쓸히 홀로 앉아 있다가 억지로 발길을 돌려 말없이 길을 나서야만 했다. 그런데 마침 동강 선생의 종손從孫인 맹명씨孟明氏가 보은읍報恩邑(현재 충청북도 보은군)으로부터 와서 객으로 있었다. 서로 함께 예전에 (할아버지와 숙부와) 가까이 지내던 정분에 대해 이야기해 주었다. 있었던 일들을 전부 이야기하자 점차 마음이 통하게 되었다."
E008736,Entry,몽행록의 내용36,經宿而辭。發爲拈韻。博▼(口+粲)志不忘也。可貴重陽日。,"그곳에서 하룻밤을 묵고서 다음날 인사를 하고 가려는데, 압운을 띄워서 시를 지어서 주니, 나에게 시를 지어서 준 뜻을 잊지 못할 것이라. 중양일重陽日의 귀한 선물이라 할 수 있었다."
E008737,Entry,몽행록의 내용37,扶笻行。投宿珍山邑邸。,지팡이에 의지해 길을 떠나 진산읍珍山邑의 여관에서 투숙하였다.
E008738,Entry,몽행록의 내용38,初旬日甲子。曉發旅店。行到千燈。北安心。左川石甚佳。有石臺突起可坐。其下飛流。勢若跳珠。㶁㶁泧泧。嚙石渟或成潭。登之。意甚豁如。若開茅棟。把杯倚欄。雲影墮江。世鮮閑者使主。可慨忘臺名漏記。,"10일 갑자일, 새벽에 여관을 출발하여 천등산千燈山에 도착하였다. 북쪽에는 안심사가 있었고, 왼쪽 편에는 냇가의 바위가 매우 아름다웠다. 석대石臺가 돌기해 있었는데, 그 위에 앉을 만한 자리가 있었다. 그 아래로는 냇물이 세차게 흘렀는데, 그 물보라의 모습이 마치 마구 튀어 오르는 구슬과도 같았다. 물이 콸콸 소리를 내며 거세게 쏟아졌는데, 바위에 부딪쳐서 깎이고 패여서 물이 고여 있거나 못을 이루기도 하였다. 조금 올라가자 가슴이 막힘 없이 확 트여 마치 초가집의 문을 활짝 열어 놓은 듯하였다. 잔을 들고서 난간에 기대어 서서 강물에 구름이 비쳐 흘러가는 곳을 보니, 이곳은 세상에 드물게 한가한 곳이었다. 그 주인이 대명臺名을 잊고 기록이 누락된 것을 개탄스러워할 만하였다."
E008739,Entry,몽행록의 내용39,因入新興寺。適西峯【明賾】丈。懃用慮殊遇。,"그곳을 지나 신흥사新興寺에 들어가게 되었는데, 그곳에서 서봉 명색西峯明賾 장로를 만났다. 매우 친절히 마음을 써 주셨고, 각별히 대우해 주셨다."
E008740,Entry,몽행록의 내용40,十一日。踰雲門寺。雨蕭蕭。嵐陣陣。楓葉滿逕。如行錦繡。,"11일, 운문사雲門寺를 지나는데, 주르륵 내리는 비와 계속 부는 산바람에 단풍나무 잎이 길가에 가득 떨어져 마치 수놓은 비단을 밟고 걸어가는 듯하였다."
E008741,Entry,몽행록의 내용41,躡石橋。抵西窟。衆峀疊嶺。效奇獻秀。盡在一覽。訪盤龍丈席【處愿】。分張已遒廿許年。莞爾出見。面浮春色。引其室。急呼童展觴。稱快勸茶。爲使臥温調。,"돌다리를 지나서 서굴西窟에 도착하니, 여러 개의 암혈과 겹겹의 봉우리가 기이하고 뛰어난 풍광을 선사했는데, 그곳에서 그 풍광이 한눈에 다 들어왔다. 반룡 처원盤龍處愿 장석丈席을 방문하였는데, 마지막으로 만나고 헤어진 것이 이미 20여 년이나 지났다. 빙그레 웃으시며 나와 보시는데, 얼굴 가득 화색이 돌았다. 스님께서 장실로 데리고 들어가셔서 급히 동자를 불러 다과 상을 차려오도록 했다. 매우 즐거워하며 차를 권하시고는, 따뜻하게 몸을 녹이도록 배려해 주셨다."
E008742,Entry,몽행록의 내용42,將暮携役。下本寺。周厚遇資。而通昔談話。臨送親褁柿。又爲路次。濡沫之需。情尤可厚。,"날이 막 저물려 하자, 나를 이끌어 본사本寺로 데려가 주시고, 매우 후한 대접을 내게 베풀어 주시고는, 밤늦도록 이야기를 나누었다. 다음날 배웅하시면서 직접 감을 싸 주셨고, 또한 길을 가는 동안 필요한 것들을 챙겨 주셨으니, 같은 처지에서 마음 씀이 더욱 후하다고 하겠다."
E008743,Entry,몽행록의 내용43,十二日。方次內屯庵。入其洞。一二里連鋪廣石。使不踏一土。巖明林靜。可容修養者。鉼鉢一時占飯了。請翫四五路像畫。已聞吳道子筆格似非。,"12일, 내둔암內屯庵에 머물다가 그 골짜기로 들어갔는데, 넓은 바위가 1, 2리나 되게 연이어 펼쳐져 있어서 흙을 한 번도 밟지 않고 걸어갈 수 있을 정도였다. 바위가 청명하고 숲이 고요하여 수양修養을 하기에 매우 적합한 곳이었다. 잠시 물병과 발우를 내려 공양을 마치고 나서 청하여 사오로四五路 화상畫像을 구경하였다. 오도자吳道子의 필격이라는 말을 들었는데, 비슷하기는 했지만 그에는 미치지 못하였다."
E008744,Entry,몽행록의 내용44,暮登威鳳城東門。巨壁崛起。橫列如屏。環視數百里。岡巒墟落。昭昭可數。,"저물녘 위봉성威鳳城 동문에 올랐는데, 우뚝 솟아 큰 절벽이 쭉 늘어서 있어서 마치 병풍과 같았다. 빙 둘러 수백 리를 살펴보니, 산과 구릉 그리고 촌락들이 셀 수 있을 정도로 뚜렷이 보였다."
E008745,Entry,몽행록의 내용45,入北庵。有唄僧名采根者。行一時主客禮。,"북암北庵에 들어갔는데, 채근采根이라는 찬불승(唄僧)이 있어 잠시 주객主客의 예를 행하였다."
E008746,Entry,몽행록의 내용46,十三日。巡閱諸法殿。因觀 行宮松竹交翠之間。忽起芹曝之慕。,"13일, 여러 법당을 차례로 다니며 살펴보고서 행궁行宮의 소나무와 대나무가 서로 푸른빛을 띠고 있는 모습을 보니, 갑자기 나라에 대한 충정심(芹曝之慕)이 솟아났다."
E008747,Entry,몽행록의 내용47,出城西門。行十里。入松廣寺觀音殿。講師靑坡【慧苑】建幢地。曾飽爲人才。欠一面。今出迎。若舊識然。有上人肯賢。白晢可器。有詩才柔順和雅。因盛言門之役。麟馹軰同遊方壺。靑坡唇脗間。習餘事詩學。鳴於湖上賢。可欲食其父牛者也。與之鼎坐。翫賢士大夫所酬唱。而因於賢之作。小有口評。處半日足。忘撼頓留。而情饋別味。歸又厚津送。其眷可感。,"성의 서문을 나와서 10리를 걸어가서 송광사松廣寺 관음전觀音殿에 도착하였으니, 이곳은 강사 청파 혜원靑坡慧苑 스님이 당幢을 세우고 수행 구도를 펼치는 곳으로, 일찍이 인재가 넘치던 사찰이다. 단 한번의 면식도 없었지만, 오늘 나를 맞이하기를, 마치 옛날에 알고 지내던 사이인 것처럼 대해 주었다. 이곳에 긍현肯賢 상인上人이란 분이 있었는데, 청백하고 총명하여 큰 인물이 될 만한 분이었다. 시를 잘 지었으며, 유순하고 온화하여서 언문言門의 역할을 잘 수행하였다. 인일麟馹 스님 무리는 함께 방장산(方壺)에 유람을 떠났다. 청파 스님께서는 소싯적 여가에 시학詩學을 익혔는데, 호남의 뛰어난 선비들 사이에서 명성이 자자하여 그 씨소(父牛)를 잡아서 먹이고자 할 정도였다. 스님과 함께 앉아서 뛰어난 사대부들과 주고받은 시를 감상하였다. 그 시를 가지고 도란도란 시평을 말하느라 반나절 동안 자리하여 떠나는 것을 잊은 채 계속 머물러 있었다. 머무는 동안 정감 어린 별미를 대접받았고, 돌아가는 길에도 또한 융숭한 배웅을 받았으니, 그 보살핌에 감사할 따름이었다."
E008748,Entry,몽행록의 내용48,十四日。宿三川旅次。,"14일, 삼천三川의 여관에서 하룻밤을 묵었다."
E008749,Entry,몽행록의 내용49,十五日。訪詩山朴令家。曾有相厚世誼。挽一日。恩待厚饋。告行䊑與。金贍行厨。,"15일에 시산詩山 박영朴令의 집을 방문하였는데, 그 집안과는 대대로 두터운 인연을 맺고 있었다. 하루 더 묵어가도록 만류하면서 물심양면 후하게 대접해 주었다. 다음날 길을 나서겠다고 고하자 점심을 차려 주고, 여정에 쓸 노잣돈을 챙겨 주었다."
E008750,Entry,몽행록의 내용50,十七日。暫上披香亭。翫壁上佳什。,"17일, 피향정披香亭에 잠시 올라 벽면에 붙어 있는 훌륭한 시들을 감상했다."
E008751,Entry,몽행록의 내용51,到古阜馬項里。路出金碩士【瑬玉】甫門廊下。揖而直過。多士同席。呼暫話。登拜主翁。適同年生。殊愛之。即供午又作詩。贐行謝辭。出里許送。賢胤又召云。日暮前無寺觀。可還也。生面乃如是。非偶爾。,"길을 떠나 고부군(古阜)의 말목장터(馬項里)에 도착했다. 석사碩士 김유옥金瑬玉씨 문랑門廊 아래를 지나게 되어 인사를 하고 곧바로 지나가려는데, 많은 선비들이 함께 앉아서 잠시 이야기를 나누자고 불렀다. 올라가서 주인장 어른께 인사하였는데, 마침 나와 동년생이어서 더욱 각별히 잘 대해 주었다. 곧 점심 공양을 베풀어 주고, 또한 시를 지어 먼 길을 떠나는 나에게 주기에 감사 인사를 전하고 길을 나섰는데, 마을 밖까지 배웅을 하였다. 그런데 주인장의 아들이 나를 부르며 말하기를, “날이 저물어 가는데 가는 길에 사관寺觀이 없으면, 돌아오는 것이 좋겠다.”라고 하였다. 처음 만나는 이에게 이와 같이 대접하는 것은 우연히 그렇게 한 것이 아니었다."
E008752,Entry,몽행록의 내용52,十八日。入開巖寺。邊山初頭。香僧性恂。年四旬。眉宇爽朗。解文字可佳。,"18일, 개암사開巖寺에 들어갔다. 변산邊山(전라북도 부안군에 있는 산) 초입에서 향승香僧 성순性恂을 만났는데, 나이가 40세이었다. 눈썹 언저리에 밝은 기운이 서려 있었고, 문자를 풀이하는 능력이 훌륭하였다."
E008753,Entry,몽행록의 내용53,詰朝尋兜率庵。基址開朗夷曠。不甚峻峯巒回抱。泉甘樹密。心眼俱開。所謂浪州之縣名於湖。右有蓬萊。蓬萊之冠於諸山。有兜率云者。直得情狀語。有僧智淳曾學余。其師在語及淳早化。輒含涙可悵。,"다음날 아침, 도솔암兜率庵을 찾아갔다. 암자 터는 주변이 탁 트여 있고 평평하면서 넓었다. 그렇게 높거나 험하지 않은 산이 그 주위를 둘러싸 있었으며, 샘물은 맛이 좋았고 수풀은 빽빽이 우거져 있었다. 이에 마음과 눈이 모두 확 열렸으니, 이렇기 때문에 낭주浪州가 호남의 이름난 고을이라고 한 것이리라. 동쪽에는 지리산(蓬萊)이 있는데, 지리산은 모든 산 가운데 으뜸이니, 도솔이라는 이름은 그 실재와 딱 들어맞는 말이로다. 지순智淳이라고 하는 승려가 일찍이 나에게 배운 적이 있었는데, 그 스승이 그곳에 있어서 지순은 일찍 죽었다는 말을 전해 듣게 되었다. 문득 눈가에 눈물이 맺히고, 마음이 매우 아리고 슬펐다."
E008754,Entry,몽행록의 내용54,向晩上禹金窟。有巖突出巉峻。半入雲中。挻然干霄。上銳下圓。數十里可望。三韓時禹金兩將。避世築城於此。內廣可周旋數百人。中建一庵。以玉泉加其顚。極冠絕地有泉。淙潺湛碧。瑩潔如玉。大旱不涸。足供居衆之汲。不愧命名意。庵主名敬憲。年可七十餘。鶴髮童顏。道態增長。言詞古朴。一內外無彼此者。可埓也。登巓相別。慮誤行歸次。形地重復。,"해가 저물어 우금굴禹金窟에 올랐는데, 가파르고 험준한 바위가 돌출되어 있었다. 어찌나 큰지 반은 구름 중에 들어 있었고, 쭉 벌여 있어서 하늘을 가렸다. 위는 뾰족하고 아래는 넓고 둥글었으며, 주변의 수십 리가 훤히 보였다. 삼한三韓 시대 때 우禹·김金 두 장수가 세상을 피해 이곳에 성을 쌓았는데, 그 산성의 둘레는 매우 넓어 수백 명이 들어갈 만하였다. 그 중간에 암자 하나를 세워 옥천玉泉이라는 이름의 편액을 붙였다. 깎아지른 절벽에 샘물이 있는데, 졸졸졸 소리를 내며 흐르는 물이 매우 맑았다. 어찌나 맑고 깨끗한지 마치 옥玉과 같았다. 큰 가뭄에도 마르지 않고, 그곳에 사는 대중들에게 넉넉히 물을 공급하였으니, 옥천이라고 하는 이름의 뜻에 부끄럽지 않았다.법명이 경헌敬憲인 암주庵主는 연세가 70여 세쯤으로 보였는데, 머리는 학처럼 희었지만 얼굴은 아이와 같았으니, 훌륭히 도를 닦은 이의 모습이었다. 언사言詞가 고풍스럽고 순수하였으며, 내부의 속마음과 겉으로 드러나는 모습이 한결같았고 나와 너라는 분별이 없었으니, 참으로 본받을 만하였다. 산꼭대기에 올라가서 서로 이별하였다. 길을 잘못 들었다고 판단하고 돌아가서 다시 길을 나섰는데, 지형이 중복되었다."
E008755,Entry,몽행록의 내용55,言西轉十餘里。有靑林村。編戶一覽殆盡。籬落蕭散。居不成行。更覺牢落。田僅百畝。自食力。似不知石壕吏催科稅也。傍聳破塔亂草間。疑古鷄園遺墟。於實相事蹟。果見禪坦古老靑林寺詩。主峯岧嶢峭拔。石勢崚𡾓蜿蜒。橫亘七八百步。分支衍派無紀極。長松萬章荒草。一望土地平曠。別一邃靜乾坤。,"서쪽으로 10여 리를 가면 청림촌靑林村이라는 마을이 있다고 하였는데, 그곳에 가 보니 마을의 모든 가옥이 한눈에 보일 정도의 작은 마을이었다. 울타리는 떨어지고 흩어져 사람이 살고 있지 않은 듯 보였으니, 새삼 스산하고 쓸쓸하다는 느낌이 들었다. 밭은 겨우 100묘 정도밖에 없어서 간신히 자급자족하는 것으로 보였으니, 석호리石壕吏의 세금 독촉을 모르고 지내는 듯하였다. 마을 한편에는 깨진 탑이 풀밭에 솟아 있었는데, 계원鷄園의 옛터가 아닌가 생각되었다. 실상사實相寺의 사적에 과연 선탄禪坦 고로古老의 청림사靑林寺 시詩가 보였다. 주봉主峯은 삐쭉 솟아오른 것이 매우 높고 가팔랐으며, 바위는 험준하면서도 구불구불 길게 늘어서 7백, 8백 보步나 횡으로 뻗어 있었으며, 여러 갈래로 갈라져 퍼진 능선이 끝이 없었다. 쭉 뻗은 소나무와 온갖 모습으로 무성하게 자라난 잡초는 한눈에 보일 정도로 지세가 평평하고 넓었다. 깊고 고요한 별세계였다."
E008756,Entry,몽행록의 내용56,躡流漸下。兩崖連通。川源甚長。水勢迅奔。激而爲瀑。如雷振壑。渟而成淵。如鏡絕塵。泓澄瑩綠。落葉不着者。乃金剛淵也。坐巖俯瞰。可毛髮直竦。魂慮惕慴。,"물줄기를 따라 점차 내려가니 양쪽 기슭으로 계곡물이 매우 길게 이어져 있는데, 물살이 매우 빨랐다. 격렬하게 쏟아져 내리는 것이 마치 우레와 같아서 골짜기를 진동시켰다. 물이 고여서 못을 이루었는데, 마치 거울과 같아서 티끌 하나 없을 정도로 매우 맑고 깨끗하였으며, 낙엽 하나 떨어져 있지 않았으니, 바로 금강연金剛淵이었다. 바위에 앉아서 아래를 내려다보니, 온몸의 털이 곤두설 정도로 아찔하여 생각과 마음이 두려움으로 가득 찼다."
E008757,Entry,몽행록의 내용57,起依指路之所叮囑。棄實相【古正因寺也】之去。從獅子項折。而西下三四里。洞豁而邃。,"길을 알려 줄 때 신신당부했던 대로 길을 잡아 갔으니, 바로 실상사(옛 정인사正因寺)이다)로 가는 길을 버리고 사자항獅子項 쪽으로 방향을 틀어 서쪽으로 3, 4리쯤을 내려가니, 계곡 쪽의 길이 확 트이며 통하였는데, 골이 매우 깊었다."
E008758,Entry,몽행록의 내용58,山路多跂於黃茅之坪。偶逢一炭夫。追行幾里。炭者放擔越澗。擧手指點三瀑布路。攀木緣危。而登兩峯。嶙峋峍屼。斷崖絕壁。逈出天表。飛流三層。亂橫雲邊。濆怒若雷。紺翠蒼綠。潤如過雨。世傳邊山三瀑布者此也。,"누런 띠풀이 자란 들판에 산길이 여러 갈래로 나 있었는데, 그곳에서 우연히 탄부炭夫를 만나 그를 따라서 몇 리를 갔다. 그 광부가 가지고 있던 짐을 내려놓고 계곡의 냇물 넘어 손을 들어 가리켜 삼폭포三瀑布로 가는 길을 가르쳐 주었다. 나무를 붙잡으며 오르고 위험한 곳에 매달려 겨우 양봉兩峯에 올랐다. 우뚝 솟은 봉우리가 들쭉날쭉하였고 매우 가팔랐으며, 깎아지른 절벽은 하늘 위로 높이 솟아 있었는데, 그곳에 계곡물이 3층으로 쏟아져 내렸다. 구름 주변으로 물보라가 어지럽게 마구 날렸는데, 마치 우레와 같이 세차게 뿜어져 쏟아졌으며, 마치 비가 지나가듯 주변의 푸릇푸릇한 초목들을 적셨으니, 변산의 삼폭포라고 세상에 전해지는 것이 바로 이것이다."
E008759,Entry,몽행록의 내용59,登巓絕無人烟。疑其與塵寰相隔。暮鴉歸巢。西暉舂峯。麋鹿徃徃林藪間。行到上方。地平如砥。黃草長磴。梵閣倚雲如畫者。月明庵也。靈飈習習。爽氣繩繩。怳如瑤臺月殿。龍虎諸峯盤旋。交拱輸美。昔人所謂別爲一天者非耶。,"산꼭대기에 오르니 사람이 사는 흔적이 전혀 보이지 않아서 인간이 사는 세상과 별개의 세계가 아닌가 의심이 들었다. 저물녘에 까마귀는 둥지로 돌아가고, 해는 용봉舂峯으로 기울어지는 때에 사슴과 고라니가 우거진 나무 사이에서 간간이 나타났다. 위쪽으로 올라가 도착한 곳에 지형은 평평하기가 마치 숫돌과 같았다. 쑥으로 덮인 긴 돌길과 구름에 기댄 듯 지어진 범각梵閣은 마치 그림과 같았으니, 이것이 바로 월명암月明庵이다. 영묘한 바람이 산들산들 불고 상쾌한 기운이 계속해 이어져서, 황홀함이 마치 신선의 집(瑤臺)이나 달 속에 있는 궁전(月殿)과 같았다. 용과 범 같은 여러 봉우리가 빙 둘러 서 있으며 서로 아름다움을 드러내니, 옛사람들이 이승과 다른 별세계라고 하는 것이 이런 것 아니겠는가."
E008760,Entry,몽행록의 내용60,西連登雲妙寂二庵幾毁壞。有金姓人。爲無價和上葺治。稍復舊制。歉餘纔空。東有法王臺。曾浮雪所居。泰山矻嵲結局。園址明麗。可與七佛無住伯仲。夜深人靜。月白如晝。佛燈淡暗。襟懷爽凉。耿耿無寐。,"서쪽으로 연이어 등운암登雲庵·묘적암妙寂庵 두 암자가 있었는데, 거의 헐고 무너져 있었다. 김씨 성을 가진 사람이 그곳에 있었는데, 무가無價 화상을 위해 암자를 고치고 있었다. 겨우 옛 기반만을 회복하였을 뿐, 나머지 부분은 모두 턱없이 부족하였다. 동쪽에는 법왕대法王臺가 있었는데, 일찍이 부설浮雪 거사가 거처하던 곳이었다. 태산泰山과 같이 높은 바위산이 삐쭉 솟아 경계를 이루고, 사찰의 터는 산뜻하고 아름다웠으니, 지리산의 칠불암七佛庵·무주암無住庵과 서로 우열을 가릴 만하였다. 밤이 깊으니 사람들이 모두 잠들어 고요하였고, 달은 밝아 대낮 같았다. 불등佛燈은 어둠 속에서 희미하게 빛을 비추고, 옷깃 속으로 상쾌하면서도 서늘한 기운이 들어오니, 마음에 잊히지 않아 전혀 잠이 오지 않았다."
E008761,Entry,몽행록의 내용61,二十日朝晴。上月精臺。金退漁。忽驚身與絕巖浮。復恐山隨巨海流之句。眞善喩。四向空濶。城邑廬舍。江山林野。歷歷可數。大海無津。與天爲天。忽颶風起。驚濤拍天。作萬雷聲。蜃氣龍光。隱見明滅。沙禽水獸。浪船風帆。出沒於雲濤杳靄間。月出僧達諸遠之景。皆在指顧中。眞天下卓偉奇絕觀也。尤恨向之繫䕯古紙糟粕。而輥過半生。益高仰小魯小天下之得於東山泰嶽。又欽慕文章筆妙之多在於名山大川耳。左獅巖。右鶴巖相向。立獅形。垂鶴形。昂雲月二聖。各騎升天云。,"20일 맑음. 아침에 월정대月精臺에 올랐는데, 김퇴어金退漁가 쓴 시구인 “갑자기 몸과 바위 절벽이 공중에 뜬 듯하고, 산이 큰 파도를 따라 출렁듯하여 다시 놀랐네.(忽驚身與絶巖浮, 復恐山隨巨海流)”라는 말은, 주변 풍경을 참으로 잘 표현한 말이었다. 사방이 확 트이고 넓었는데, 성읍城邑과 그 밖의 움막집들 그리고 강산과 임야가 일일이 셀 수 있을 정도로 분명히 보였다. 넓고 큰 바다는 끝이 없어서 하늘과 하나가 되어 구분이 되지 않았으며, 갑자기 돌풍이 불어닥쳐서 큰 파도를 일으켜 하늘 위로 솟구치니 우레가 만 번이나 치는 우렁찬 소리를 내었다. 이무기의 기운(蜃氣)과 용의 빛(龍光)이 숨었다 나타났다, 보였다 안 보였다 하였고, 물새(沙禽)와 물고기(水獸) 그리고 어선(浪船)과 범선(風帆)은 아득히 먼 출렁이는 파도 사이에서 나타났다, 사라졌다를 반복했다. 월출산月出山과 승달산僧達山 등 여러 먼 풍경들이 모두 주위를 둘러보는 중에 눈앞에 들어왔으니, 참으로 천하의 뛰어나고 훌륭하며 비할 데 없이 기이한 경관들이었다. 지난날 옛 종이에 있는 고리타분한 내용들에 얽매이고 매달리며 보낸 반평생의 세월이 너무나 한스러웠다. 높이 오르면 오를수록 “동산東山에 오르면 노魯나라가 작게 보이고 태산(泰嶽)에 오르면 천하가 작게 보인다.”라고 한 말을 절실히 깨닫게 되었으며, 또한 훌륭한 문장과 글씨들이 명산대천에 많이 있는 것을 보고서 흠모하게 되었다. 왼쪽에는 사자바위(獅巖), 오른쪽에는 학바위(鶴巖)가 서로 향하여 사자의 형상을 이루고 학의 형상을 드리우고 있었는데, 옛날에 앙昂과 운월雲月 두 성인이 각각 타고서 하늘로 올라갔다고 한다."
E008762,Entry,몽행록의 내용62,右從高磴。屈折而上。及登半巓。十步九顧。躡雲徑。迤東數百步轉而下。石徑紆仄。躡級窘步。及履平地。有實相寺。僧役浩穰福地淪沒。靈宮墜壞。衰氣冷冷。重樓複閣無開眼。惟銀字香爐。與鍮龜鶴。古而閑可觀。,"오른쪽으로 높은 비탈길을 따라서 빙 돌아 올라가니, 산꼭대기의 절반 정도를 오르게 되었는데, 열 보를 올라가면 아홉 번을 되돌아볼 정도로 험난했다. 구름 사이로 난 길을 헤치고 올라가다가 동쪽 방향으로 길을 잡아 수백 보를 내려가니, 돌로 된 오솔길이 옆으로 구불구불하게 나 있어서 계단을 올라가 군색한 걸음으로 올라가니, 마침내 평지를 걸을 수 있게 되었다. 그곳에 실상사實相寺가 있었는데, 그 옛날 승려들이 넘쳐나고 복이 깃든 절터가 완전히 몰락해 있었다. 사찰의 영묘했던 건물은 무너지고 부서졌으며, 쇠락한 기운이 냉랭하게 흘렀다. 중층으로 된 누각은 눈 뜨고 볼 수 없는 지경이었는데, 다만 은으로 쓴 글자가 새겨진 향로香爐와 놋쇠로 된 거북과 학은 오래된 듯하면서도 품격이 있어서 볼 만하였다."
E008763,Entry,몽행록의 내용63,西去五里許。有直淵者。巖巒矗簇。洞壑嶄㠔。渟泓如璧可觀。足繭缺望。可一追恨。,"서쪽으로 5리쯤 가니, 직연直淵(直沼)폭포가 있었다. 바위산은 울퉁불퉁 솟아 있고, 산골짜기는 깊고 가팔랐으며, 고여 있는 깊은 물은 마치 벽옥(璧)과 같아서 볼 만하였다. 발이 탱탱 부르터서 이리저리 다니며 다 보지 못한 것이 한 가지 한스러운 점이었다."
E008764,Entry,몽행록의 내용64,自南庵直上。欲向萊蘇兎徑。線掛於雜樹蒙翳之中。天光垂下。及抵絕頂。平如盤處。神遊太虛。不知此身尙在人間世。靜思俄經之窮崖。巨谷石稜峭确間所覩。來心係目者。靈巖好石之片片重重。折而又連者如勁。仆者如眠。平者如鋪。欹者如倚。高者如斗。俯者如鞠。合者如歸鸞。雜者如去鴈。比者如兄弟。叙者如賔主。不可記數。又古樹老松。奇根古幹。錯亂其間者。或喬或偃。或俯或欹。或屈而蟠。或怒而攫。或奮而欲騰。又或如帷盖之張。又莫筭幾箇株。皆造物者無盡藏。,"남암南庵으로부터 곧바로 올라가서 내소사萊蘇寺로 향하려고 하였다. 그리하여 풀숲 사이로 난 좁은 오솔길을 따라서 갔는데, 그 길이 여러 나무들과 넝쿨에 덮여 있는 곳으로 이어져 있었다. 그곳을 지나자 하늘에서 빛이 비치었고, 이윽고 산의 맨 꼭대기에 도달하였는데, 지형이 마치 소반과 같이 평평하였다. 정신이 하늘에서 노니는 듯 이 몸이 인간 세상에 있는 것인지조차 알지 못할 지경이었다. 정신을 가다듬고서(이전에 지나온 벼랑을 생각하니) 큰 골짜기와 바위, 날카롭고 가파른 돌산 사이로 본 것마다 마음과 눈에 걸리니 영묘한 바위와 좋은 돌들이 조각조각 겹겹이 있었다. 끊어진 듯하면서도 또한 이어진 것이 마치 힘줄과 같았고, 엎어져 있는 것은 자는 것 같았으며, 평평한 것은 마치 곧게 펴놓은 듯하였고, 기울어져 있는 것은 마치 기대어 있는 것과 같았다. 높은 것은 북두칠성과 같았고, 구부러져 있는 것은 허리를 숙인 것 같았으며, 합쳐져 있는 것은 둥지로 돌아가는 난새(鸞)와 같았고, 섞여 있는 것은 지나가는 기러기(鴈)와 같았다. 나란히 있는 것은 형과 아우 같았고, 늘어서 있는 것은 주인과 손님 같았으니, 여기서 일일이 다 헤아려 적을 수 없을 정도였다. 또한 고목과 노송의 기이하게 뻗은 뿌리와 오래된 나뭇가지가 그 사이에 어지럽게 뻗어 있었으니, 혹은 높이 솟아 있거나, 혹은 누워 있었다. 혹은 밑으로 구부러져 있거나, 혹은 비스듬히 서 있었으며, 혹은 구부러져 빙 둘러 있거나, 혹은 쭉 뻗어 있으면서 휘어져 있었다. 혹은 위로 솟구쳐서 날아오를 듯하였으며, 또한 혹 휘장이나 일산처럼 펼쳐져 있었는데, 이러한 것이 또한 몇 그루나 되는지 셀 수 없이 많았으니, 이렇게 생긴 모양들이 엄청나게 많아서 다함이 없었다."
E008765,Entry,몽행록의 내용65,折而東五十餘步。極危絕險相。徃徃或援或携。或坐巖輥轉而下。有上獅子菴。脩篁叢立。列岳雄峙。其前去海不數里。而近江波浩渺。極目無際。雲樹風帆。隱暎遐邇。有座主【明衎】。爲人淸秀踈快。出胡餅。對啖因問。觀王子釋子二菴者否。余曰未也。因傳古眞表律師。扶風大井村人也。在家無產。以釣爲事。一日終不釣一魚。暮得巨鱉。還無人買。懸厨飢臥。朝看滿盤珍饌在側。因進食之。明朝亦然。心怪之。潜窺得一美姬從鱉出。雖乏蹇脩。與結縭。星期因成好。烟交霧壓。雨濃風撓。居化大廈。鳥革翬飛。宛然官廨。僮僕成隊。駿驄列廐。榮富赫然。詩書不閑。以射爲業。一夕姬言。我已當産。小避出云。恠其伉儷間間忌權依。從夜潜還縱觀。果誕七子。鱗角崢嶸。洗浴於雲霧中。姬知窺。呼入七龍子。見已立死。姬不憤其甚剝。夜撤飛去。唯餘空墟。眞似𡛥。女已歸宵漢去。獃郞猶在火邉。栖其地。俗猶傳七龍墓。從此落托。唯持弓矢。射禽獸爲業。一日射鹿。踵鮮血入佛宇。像乃帶矢也。大驚悔。却弓矢。山有却弓矢爲名地。因剃染。結社修禪。終得大惺悟。摩天臺現大化身。𨀣足受供於金山寺。寺之上。尙有𨀣足菴臂長菴云。可神也。,"길을 틀어 동쪽으로 50여 보를 걸어가니, 매우 위태롭고 험한 길이 나왔는데, 길을 가는 동안 지형지물을 잡아서 몸을 지탱하거나 끌어 올렸으며, 혹은 바위에 앉아서 구르다시피 하여서 내려갔는데, 그곳에 사자암獅子菴이 있었다. 쭉쭉 뻗은 대나무는 숲을 이루며 서 있었고, 쭉 늘어선 큰 산들은 웅장하게 솟아 있었다. 그 앞에는 몇 리 되지 않는 곳에 바다가 있었고, 가까운 곳에는 강물이 아득히 넓고 길게 흘러서 그 끝을 눈으로 볼 수 없을 정도였다. 구름이 걸릴 정도로 높은 나무와 돛단배는 숨었다 나타났다, 멀어졌다 가까워졌다 하였다. 그곳의 주지(座主)인 명간明衎 스님은 얼굴이 매우 깨끗하고 준수하였으며, 소탈하면서 쾌활하였다. 호떡(胡餅)을 내와서 함께 먹다가 나에게 묻기를, “왕자암王子菴과 석자암釋子菴 두 암자를 보셨습니까?”라고 하기에, 내가 대답하기를, “아직 보지 못하였습니다.”라고 하였더니, 이에 옛날 진표 율사眞表律師에 대한 이야기를 들려주었다. 그는 부풍현扶風縣 대정大井 마을 사람이다. 집에 아무런 재산이 없어서 낚시를 생업으로 삼았는데, 어느 날 하루 종일 한 마리도 잡지 못하였다. 그런데 날이 저물 때쯤 큰 자라(鱉)를 잡았다. 그런데 사는 사람이 없었다. 집으로 돌아와 자라를 부엌에 매달아 놓고 굶주린 채 누웠다. 다음날 아침에 일어나니 그의 옆에 진수성찬이 가득 차려져 있었다. 그래서 그는 밥상으로 얼른 가서 그것을 먹었는데, 다음날 아침에도 또한 그러했다. 괴이한 일이라고 생각하고는, 몰래 숨어서 엿보니 아리따운 여인이 자라로부터 나왔다. 비록 중매인(蹇脩)은 없었지만, 그녀와 결혼을 하여 부부의 연을 맺고는 사랑을 나누었다. 연기와 안개가 서로 번갈아 짙게 깔리고, 비와 바람이 휘몰아치더니, 거처가 큰 집으로 바뀌었다. 새가 날개를 편 것같이 휘황찬란한 집으로 변하였으니, 완연히 관아의 건물과 같았다. 그리고 어린 종과 하인들이 한 무리를 이루었고, 준마들이 마구간에 쭉 벌여 있어서 부유함과 영화로움이 성대하였다. 그런데 그는 시서詩書를 익히지 않고 사냥만을 일삼았다. 어느 날 저녁, 여인이 말하기를, “출산을 할 테니 조금 피해 주세요.” 하였다. 부인이 계속해서 꺼리기에 이를 이상하게 여겼다. 밤에 몰래 돌아와 보니 과연 일곱 명의 자식을 낳았는데, 그들의 머리엔 기린의 뿔이 높이 솟아 있었다. 구름과 안개 속에서 몸을 씻다가, 누군가 엿보는 것을 부인이 알아챘다. 그래서 용龍의 형상을 한 일곱 아들을 불러들였는데, 가 보니 이미 죽어 있었다. 부인은 그 너무나도 참혹한 상황에 매우 분노하여서 밤에 그 모든 것을 깡그리 없애어 날려 버렸으니, 오직 빈터만이 덩그러니 남아 있었다. 참으로 홀린 것 같았는데, 그 여인은 하늘로 날아가 버렸다. 어리석은 사내는 그저 불가에 있다가 그곳에 머물러 살게 되었는데, 세상엔 아직까지 칠룡묘七龍墓가 전하여진다. 이로부터 사내는 실의에 빠져 오직 활과 화살을 가지고서 날짐승과 들짐승들을 사냥하러 다니기만 하였다. 그러던 어느 날 사슴 한 마리를 쏘아서 맞혔는데, 사슴이 흘린 피를 따라서 불당(佛宇)으로 들어가게 되었다. 그런데 화살이 불상에 꽂혀 있었다. 그는 크게 놀라 뉘우치고서 화살을 뽑았다(却弓矢). 산에는 ‘각궁시却弓矢’라고 이름한 곳이 있다. 이에 머리를 깎고 승복을 입고는 출가하였으며, 결사結社하여 선禪을 수행하여서 마침내 큰 깨달음을 얻었다. 그는 마천대摩天臺(변산의 의상봉)에서 몸을 크게 변화시켜 다리를 뻗어 금산사金山寺에서 공양을 받았다고 한다. 금산사 위에 아직까지 기족암▼(足+企)足菴과 비장암臂長菴이 남아 있다고 하니, 매우 신이한 일이 아닐 수 없다."
E008766,Entry,몽행록의 내용66,左有碧松臺。碧松和尙初悟處。與衎老杖屨。及之廢。入榛莾而有階邉數莖烏竹。猶帶舊翠。或當年手種根抽孫歟。,"왼쪽에는 벽송대碧松臺가 있었는데, 그곳은 벽송碧松 화상께서 처음 깨달음을 얻으신 곳이다. 명간 스님과 함께 길을 나서서 그곳에 이르렀는데, 다 무너져 있었다. 우거진 덤불 속으로 들어가니, 계단 옆으로 오죽烏竹 몇 줄기가 있었다. 색이 바래서 오래된 듯한 비취 빛을 띠고 있는데, 혹 그 당시에 직접 심었던 것이 뿌리내려 손자가 나온 듯 보였다."
E008767,Entry,몽행록의 내용67,轉而北有鷲鷰臺。俯視其下。禪雲逍遙白羊諸山。一一縱橫東南。沙湖茁萊。長江大川。山海之景。可盡几案邉。春庵所謂。開門滄海日。僧指午潮生者。指此也。,"방향을 틀어 북쪽으로 가니, 취연대鷲鷰臺가 있었다. 몸을 굽혀 아래를 내려다보니, 선운산禪雲山·소요산逍遙山·백양산白羊山 등 여러 산들이 하나하나 동서남북 종횡으로 뻗어 있었고, 호수와 모래사장과 무성한 풀밭이 펼쳐져 있었으며, 길게 흐르는 강과 큰 냇물이 있었다. 이렇듯 산과 바다의 풍경이 앉은 자리에서 다 보였으니, 춘암春庵이 이른바 “문을 여니 푸른 바다 위로 해가 떠 있고, 승려가 남쪽을 가리키니 바다 물결이 이네.(開門滄海日 僧指午潮生)”라고 한 것이 바로 이것을 가리킨 것이리라."
E008768,Entry,몽행록의 내용68,二十一日。上法堂。見板記。自經欝攸之慘故。宗師西峯【淸敏】。踵前徽。揔管謀畫。關西良工覺敏。尋引度材。以復舊觀。堂制甚雄環鉅麗。雕花刻葉生新。龍頭鳳翼活動。雖欠丹堊孔靚。儉素尤好。,"21일, 법당에 올라 현판의 기문(記)을 보았다. 화재(欝攸)로 인해 법당이 불타는 참상을 겪었기 때문에, 이후에 서봉 청민西峯淸敏 종사宗師께서 이전의 아름다운 건물양식을 계승하여 복원 작업에 관한 모든 것을 계획하고 관장하였다. 관서關西 지방의 뛰어난 장인인 각민覺敏이 자와 먹줄로 측량하고 목재를 다듬어 세워서 옛 모습을 복원하였는데, 법당의 규모가 매우 웅장하였으며, 그 주변 경계가 매우 크고 화려하였다. 조각을 해 놓은 꽃과 잎은 새로 돋아나고 피어나는 듯하였고, 용머리와 봉황 날개는 살아서 움직이는 듯하였다. 비록 단청이 없긴 하나 매우 단정하고 꾸밈없이 수수한 것이 더욱 좋아 보였다."
E008769,Entry,몽행록의 내용69,出洞向黔津。逢舒良大師。爲人質慤純良。引其主家。敬服輸欵。而罷行可里許。翫舊閣於浦口。,"골짜기를 빠져나와 검진黔津으로 향하였다. 중간에 서량舒良 대사를 만났는데, 그 사람됨이 순수하고 성실하였으며 선량하였다. 나를 그 주인집으로 데려가서 공경을 다해 정성스럽게 대접해 주었다. 집을 나와 길을 나서서 1리쯤 걸어가 포구浦口에서 옛 누각을 구경하였다."
E008770,Entry,몽행록의 내용70,日將度嶺。招提難托。曾聞黃上舍【胤錫】。其爲人仁善。文名滿一世。問野老。入龜壽洞。又其大人。姿䫉魁偉。文學贍富。好山水高士。一見如舊。君子好客。信不誣。惜余緣忙。未盡蓬壺美詩。以囑明春重游。,"해가 고개 너머로 지려고 하였는데, 초제招提(사찰)에 몸을 의탁하기 어려웠다. 일찍이 상사上舍(生員) 황윤석黃胤錫 선생에 대한 풍문을 들은 적이 있는데, 그 사람됨이 어질고 선하며, 글을 잘 지어 그 명성이 세상에 자자하였다. 시골 늙은이에게 길을 물어 구수골(龜壽洞)에 들어갔다. 그 대인은 풍채가 굉장히 컸고, 학문의 경지가 깊고 넓었으며, 산수山水를 좋아하는 고결한 선비였다. 한 번 보니 마치 옛날부터 보아 온 것과 같았다. 군자의 풍모를 가지고 있었으며 빈객을 좋아하였다. 상대방을 진심으로 대하고, 업신여기지 않았다. 나의 일정이 너무나 바빠서 봉호蓬壺(仙山)의 아름다운 시를 미처 다하지 못한 것이 못내 아쉬웠다. 그래서 내년 봄에 다시 찾아오겠다고 부탁을 하였다."
E008771,Entry,몽행록의 내용71,二十二日。入九月菴。優婆塞所居。,"22일, 구월암九月菴에 도착하였는데, 우바새優婆塞가 거처하고 있었다."
E008772,Entry,몽행록의 내용72,踰開心嶺。入內藏宿。,개심령開心嶺을 넘어 내장산內藏山 숙소에 도착하였다.
E008773,Entry,몽행록의 내용73,二十三日。歸路。適出河西先生壽藏。下茨蒲谷。已聞玉峯先生耳孫移寓。因歷扣書室經榭。宣災方役。居停撓。不遑他不小。槪見其窘遽幾微色。出示其先筆累幅。及朱天使之蕃。其他大國使。與石峯生筆多品。中朝王鍾兼古今名筆十册。我東諸賢簡帖幾卷。家庭手牘。使余賤望不歸落莫空還。實末俗稀罕心。宜主傳此絕寶永世。,"23일, 돌아가는 길에 하서河西 선생의 수장壽藏(생전에 만들어 놓은 무덤)을 지나자마자 바로 자포곡茨蒲谷으로 내려갔다. 옥봉玉峯 선생의 이손耳孫(7대손)이 이곳으로 거처를 옮겨 와 머물러 살고 있다는 소식을 이미 들어 알고 있었다. 가는 길에 그곳에 들려 서실書室을 두드려 보고 사당(榭)을 지났는데, 재난을 막는 부역을 하느라 집안이 매우 소란스러워서 잠시도 다른 것을 할 틈이 없어 보였다. 대강 보기에도 그 곤궁함이 매우 급박한 기색이 역력했다. 그런데 주인은 그 선조의 친필 여러 폭을 나에게 꺼내어 보여 주었다. 그리고 명나라 사신(天使) 주지번朱之蕃210)과 기타 대국大國의 사신들과 석봉石峯 선생이 남기신 여러 작품과, 중국의 서예가 왕 종王鍾과 고금의 명필名筆 10책과, 우리나라의 여러 현인들이 쓴 편지(簡帖) 몇 권, 대대로 집에 내려오는 친필 편지(手牘)를 보여 주었다. 나와 같이 식견이 얕은 자가 얻은 것 없이 헛걸음을 하고 돌아가지 않도록 배려를 해주었으니, 지금과 같이 야박한 세상에 참으로 보기 드문 마음 씀씀이였다. 주인은 마땅히 이러한 세상에 둘도 없는 가보를 영원토록 대대로 전할 것이리라."
E008774,Entry,몽행록의 내용74,暮投白羊山淸流洞鶴峯室中宿。,해가 저물어 백양산白羊山 청류동淸流洞학봉鶴峯의 방에서 하룻밤을 묵었다.
E008775,Entry,몽행록의 내용75,廿四日。訪東菴淸心臺。,"24일, 동암東菴 청심대淸心臺를 방문하였다."
E008776,Entry,몽행록의 내용76,踰雲門菴。見离峯。叙暄凉。坐㝎玉泉。時敬和上在衆出見。撥鄕縛。來叅禪。其意高邁。,"그리고 운문암雲門菴을 지나서 이봉离峯 스님을 만나 뵙고서 안부를 묻고 옥천玉泉에 자리를 잡고 앉았다. 시경時敬 화상이 대중 가운데 있다가 나와서 인사하였는데, 그는 고향을 등지고 떠나 오로지 참선 수행만을 한다고 하니, 그 뜻이 매우 고매하였다."
E008777,Entry,몽행록의 내용77,因下白蓮。望靈泉藥師物外三占菴。翠嵐淡籠。靑峯蔚秀。雲泉細流。霜楓掩抱。望之如畫。古云莫言展榻殊無地。須信看山別有門者可驗。醉月樞丈。携手叙阻。不知夜三鼓。,"발길을 옮겨 백련암(白蓮)으로 내려가서 바라보니, 영천암(靈泉)·약사암(藥師)·물외암(物外) 세 암자가 자리하고 있었다. 푸른 나무가 우거진 산림에 맑은 기운이 감돌고 푸른 봉우리가 울창하게 우뚝 솟아 있으며, 실개천이 구름 사이로 흐르고 서리 맞은 단풍이 주위를 빙 두르고 있었으니, 마치 한 폭의 그림을 보는 듯하였다. 옛 시에 “책상머리에 앉아서 별세계가 없다고 말하지 마라. 산을 직접 보면 별세계로 통하는 문이 따로 있음을 믿으리라.(莫言展榻殊無地 須信看山別有門)”라고 한 말을 그대로 재현한 것이라 하겠다. 달빛에 취해 지팡이를 꽂아 놓고서 손에 손을 맞잡고 그 사이 있었던 이야기를 나누니, 한밤중(三鼓)이 되는 줄도 몰랐다."
E008778,Entry,몽행록의 내용78,廿五日。謁逍遙先翁。高顯於淨土寺。西上水閣。翫諸賢板詩。,"25일, 소요逍遙 대사의 영정에 참배를 드리고 나오니, 정토사淨土寺(백양사)의 서쪽 위로 연못가의 정자(水閣)가 높이 보였다. 그곳에 여러 현인들이 현판에 적어 놓은 시를 완미했다."
E008779,Entry,몽행록의 내용79,入香閣。翫逍翁筆跡。九十餘歲時所書。筆力神健。,"향각香閣으로 들어가 소요 대사의 필적筆跡을 감상하였다. 90여 세 때 쓰셨는데, 필력에 혼이 담긴 듯 힘차 보였다."
E008780,Entry,몽행록의 내용80,上天眞菴。見喚月。請其詩卷。對觀終日。淸詞佳句。冲粹精緻。多有逼唐處。別後十年間。詩學如是大進。,"천진암天眞菴에 올라 환월喚月 선사를 뵙고선, 그의 시집을 청해 그와 종일토록 마주하고 시문을 보았다. 청아한 말과 아름다운 글귀가 온화하고 순수하면서도 정교하고 치밀했는데, 당唐나라 한시의 유려한 문체가 묻어나는 곳이 매우 많이 있었다. 그와 이별 후 10년간 그 시에 대한 공부가 이처럼 크게 진보해 있었다."
E008781,Entry,몽행록의 내용81,廿六日。歷入柒笠里。慰李孤來。,"26일, 지나가다 칠립리柒笠里에 들려서 이고李孤를 위문했다."
E008782,Entry,몽행록의 내용82,宿天峙永儀親家。,하늘재(天峙)에 있는 영의永儀의 친가에서 하룻밤을 묵었다.
E008783,Entry,몽행록의 내용83,廿七日。午飯温磎。,"27일, 온계温磎에서 점심 공양을 했다."
E008784,Entry,몽행록의 내용84,還本栖。,본 거처로 돌아왔다.
E008785,Entry,몽행록의 내용85,噫。余費脚力。勞心慮。登峙涉流。不憚險遠者。要觀一哲人。有心工明識見。使胷肚。廓然無滯礙。是余日夜期期渴望者。懷豈陟高俯海。以快一時觀。歸臥山窓空。令目搖心攪。俱歸醉游夢行之妄。反不如正心坐靜。念經內觀。世之好觀山水者。有幾人望海眺岳。開眼豁胷。以層丈夫之氣岸者乎。然則徐待唾手。西笑翫宮闕之雄。都城之壯。欝䓗 [11] 佳氣之騰旺。而押高貴碩才。東略萬瀑九淵之雄渾。羅漢十王之塵䈡。而上歇惺。頂禮衆香海聖。施四大洛山東臺。聽風瀾拜觀音。而洞然無間。以滿願海。遂志山耶。我東偏小。山無千里高。水罕萬丈深。雖間出山川。鍾禀英俊。視神州崇山巨河。基承淑精。氣拔傑豪。文倒峽。筆掃陣。莫與京而況跳丸百年。壑蛇人生。塊蟄泥甃。蒿目蓬心。終無展擧者歟。今徒謾錄已陳之之乎。空使吾楮毫。汚素面。秃尖頭。如令浩然自放山水間。無徃不樂者。見之。其不曰夢行錄歟。,"아, 내가 발을 혹사시키고 마음을 다해 애쓰며 산을 넘고 물을 건너되, 그 멀고 험한 것을 두려워하지 않은 것은, 한 명의 현인이라도 만나고, 이를 통해 마음을 가다듬고 식견을 밝혀 가슴이 확 트여 막힘이 없게 하기 위함이니, 이것이 바로 내가 평소에 매시간 매일 갈망하던 바였다. 그저 높은 곳에 올라서 바다를 굽어보는 것을 즐거워하고 한때의 풍광에 기뻐하며 산속의 집에 누워 창을 통해 하늘을 보고서 눈을 요리조리 굴리고 마음을 이리저리 어지럽게 하는 것은, 모두 취한 듯 놀고 꿈꾸듯 돌아다니는 망령된 행위에 불과한 것이니, 도리어 마음을 바로 하고 좌정坐靜하며 불경을 외고 마음 깊이 관하는 것만 못하다. 세상에 산수山水를 관람하길 좋아하는 자 가운데 바다를 바라보고 산을 살펴 눈과 마음을 활짝 열어서 대장부의 호방한 기상을 높일 수 있는 사람이 몇이나 되겠는가? 그러하니 천천히 때를 기다려서 손에 침을 퉤퉤 뱉고는(唾手), 서쪽으로 궁궐의 웅대함과 도성의 장엄한 모습과 울창한 삼림의 아름답고 푸른 기운이 매우 왕성한 풍경을 구경하고, 고귀하고 재능이 뛰어난 인재들과 친교를 맺는 것을 즐기며, 동쪽으로 만폭동(萬瀑)과 구연동(九淵)의 웅장하고 거침없는 광경과 나한상(羅漢)·시왕상(十王)의 불자拂子를 구경하고, 헐성루(歇惺)에 올라갔다. 그리고 중향성(衆香)의 바다와 같이 많은 성인들께 정례하고, 낙산사(洛山)의 의상대(東臺)에 사지를 펼쳐 누워서 바람과 물결 소리를 듣고, 관음상에 절을 하고서 막힘없이 확 트여서 바다와 같이 넓고 깊은 원을 채우고, 산과 같이 크고 높은 뜻을 이룰 것인가? 우리나라는 치우쳐 있고 협소하여 천 리나 되는 높은 산도 없고 만 길이나 되는 깊은 물도 없어서 간간이 산천의 기운을 받아 영준英俊한 인물을 배출하지만, 신주神州(중국)는 높은 산과 큰 강의 그 맑고 정밀한 기운을 이어받고 뛰어난 기상을 뽐내어 문장은 협곡을 쓰러트릴 만하고, 필력은 군진을 쓸어 버릴 만하여 비길 사람이 없는데, 하물며 백 년이라고 하는 짧은 시간에 골짜기 안의 뱀과 같이 좁은 식견의 인생이 구덩이와 진흙 벽에 웅크리고 지내어서 식견이 좁고 마음이 좀스러워 끝내 펼쳐지 못하는 사람이랴? 지금 내가 부질없이 길게 기록하여 이미 그것을 진술했으니, 쓸데없이 나의 붓으로 흰 종이를 더럽히고, 붓을 닳게 한 것이로다. 마음을 넓고 느긋하게 가져서 산과 물 사이에서 자유롭게 두어 가는 곳마다 즐겁지 않은 것이 없는 자가 본다면, 아마도 몽행록夢行錄이라고 하지 않겠는가."